Signatur;Autor:in Nachname;Autor:in Vorname;Titel;Veröffentlichungsangabe;Schlagwort;ISBN;Sprache;Entliehen;Vorgemerkt
Ahrens;Ahrens ;Stephan;Lehrbuch der Psychotherapeutischen Medizin;1997;Psychotherapie;3-7945-1637-3;Deutsch;;
Aldridge01;Aldridge;David;Music Therapy World - Musiktherapie in der Behandlung von Demenz;2003;Demenz;3-8334-1045-1;Deutsch;;
Aldridge02;Aldridge;David;Musiktherapie in der Medizin;1999;Medizinische Forschung;3-456-82901-9;Deutsch;;
Aldridge03;Aldridge;David, Gudrun;Melody in Music Therapy. A therapeutic Narrative Analysis;2008;Melody;978-1-85302-755-0;Englisch;;
Alvin;Alvin;Juliette;Musiktherapie. Ihre Geschichte und ihre moderne Anwedung in der Heilbehandlung;1984;;3-423-04419-5;Deutsch;;
Alwast;Alwast;Angelika;Seinsklänge;2016;Klang, Zelt, Rhythmus;978-3-95490-167-8;Deutsch;;
Alwast;Alwast;Angelika;Seinsklänge;;;;;;
Auch-Johannes, Weymann;Auch-Johannes, Weymann;Inga;Klangbrücken. Musiktherapie in der häuslichen Versorgung vin Menschen mit Demenz - ein Leitfaden für die Praxis;2015;Demenz, häusliche Versorgung, Kommunikation;978-3-95490-156-2;Deutsch;;
Aulbert;Aulbert;Eberhard;Lehrbuch von Palliativmedizin;2007;Palliativmedizin;3-7945-2361-X;Deutsch;;
Badcock;Badcock;Christopher;Psycho - darwinismus, Die Synthese von Darwin und Freud;1999;Psychoanalyse;3-446-17500-8;Deutsch;;
Batel;Batel;Günther;Spiellieder und Bewegungsspiele in der Musiktherapie;1992;Spiel, Bewegung, Gesang;3-437-11433-6;Deutsch;;
Baumann;Baumann;Urs;Indikation zur Psychologie. Perspektiven für Praxis und Forschung.;1981;Klinische Psychologie, Psychotherapie, Indikation;3-541-09461-3;Deutsch;;
Bayley;Bayley;John;Elegie für Iris;2002;Liebe und Alzheimer;3-7632-5056-5;Deutsch;;
Barnowski- Geiser;Barnowski- Geiser;Waltraut;Hören, was niemand sieht. Kreativ zur Sprache bringen, was Kinder und Erwachsene aus alkoholbelasteten Familien bewegt.;2009;Kinder und Erwachsene, Alkoholismus, Alkoholprobleme in Familien, Zur Sprache bringen;978-3-934933-26-2;Deutsch;;
Blaser;Blaser;Andreas ;Problemorientierte Musiktherapie. Ein integratives Konzept;1992;Psychologie, Lehre, Psychotherapie;3-456-82143-3;Deutsch;;
Blackenburg, von;Blackenburg, von;Albrecht;Musiktherapie mit Senioren;2004;Senioren, Alte Menschen, Altersheim ;3-8248-0003-9;Deutsch;;
Blunt;Blunt;Leslie;Musiktherapie. Eine Einführung für psychosoziale und medizinische Berufe;1998;Grundlagen der Anwendung der Musiktherapie;3-407-55811-2;Deutsch;;
Bolay;Bolay;Hans Volker;Musiktherapie als Hochschuldisziplin in der Bundesrepublik Deutschland;1985;Ausbildung Musiktherapie;3437109812;Deutsch;;
Boller01;Boller;Rainer;Musiktherapeut als Beruf. Anspruch und Wirklichkeit Musiktherapeutischer Arbeit in der Bundesrepublik Deutschland;1985;Aufgabengebiete von Musiktherapie, Praxis;3-437-10982-0;Deutsch;;
Boller02;Boller;Rainer;Musiktherapeut als Beruf. Anspruch und Wirklichkeit Musiktherapeutischer Arbeit in der Bundesrepublik Deutschland;1985;Aufgabengebiete von Musiktherapie, Praxis;3-437-10982-0;Deutsch;;
Bright;Bright;Ruth;Musiktherapie in der Altenhilfe;1984;Altenhilfe;3-434-10880-8;Deutsch;;
Bruhn;Bruhn;Herbert;Musiktherapie. Geschichte - Theorien - Methoden;2000;Theoretische Grundlagen;3-8017-1325-3;Deutsch;;
Cramer;Cramer;Annette;Tinnitus: Wirksame Selbsthilfe durch Musiktherapie;2002;Tinnitus, CD im Booklet;978-3830430070;Deutsch;;
Damasio;Damasio;Antonio R.;Ich fühle also bin ich. Die Entschlüsselung des Bewusstseins;2000;Bewusstsein, Gefühle, Bewussteseinsforschung;3-471-77349-5;Deutsch;;
Dornes;Dornes;Martin;Der kompetente Säugling. Die präverbale Entwicklung des Menschen;1993;Nonverbale Kommunikation, Präverbale Kommunikation des Menschen, Psychoanalyse;3-596-11533-7;Deutsch;;
Drewer;Drewer;Martin;Gestalt-Ästhetik-Musiktherapie. Argumente zur wissenschaftlichen Grundlegung der Musiktherapie als Psychotherapie;2000;Sinnlich -ästhetische Wahrnehmung, Gestaltpsychologie, Psychoamnalyse;3825846083;Deutsch;;
Decker-Voigt01;Decker-Voigt;Hans-Helmut;Als Tante Thea einmal weinte. Eigenartige Familiengeschichten.;2008;Familie, Generationen, Eigenarten, Einzigartigkeit;978-3927369320;Deutsch;;
Decker-Voigt02;Decker-Voigt;Hans-Helmut;Aus der Seele gespielt. Eine Einführung in Musiktherapie mit vier Beiträgen von Eckhard Weymann;1991;Musiktherapie als Heilmethode;978-3-442-13561-5;Deutsch;;
Decker-Voigt02a;Decker-Voigt;Hans-Helmut;Aus der Seele gespielt. Eine Einführung in Musiktherapie mit vier Beiträgen von Eckhard Weymann;1991;Musiktherapie als Heilmethode;978-3-442-13561-5;Deutsch;;
Decker-Voigt02b;Decker-Voigt;Hans-Helmut;Aus der Seele gespielt. Eine Einführung in Musiktherapie mit vier Beiträgen von Eckhard Weymann;1991;Musiktherapie als Heilmethode;978-3-442-13561-5;Deutsch;;
Decker-Voigt02c;Decker-Voigt;Hans-Helmut;Aus der Seele gespielt. Eine Einführung in Musiktherapie mit vier Beiträgen von Eckhard Weymann;1991;Musiktherapie als Heilmethode;978-3-442-13561-5;Deutsch;;
Decker-Voigt02d;Decker-Voigt;Hans-Helmut;Aus der Seele gespielt. Eine Einführung in Musiktherapie mit vier Beiträgen von Eckhard Weymann;1991;Musiktherapie als Heilmethode;978-3-442-13561-5;Deutsch;;
Decker-Voigt02e;Decker-Voigt;Hans-Helmut;Aus der Seele gespielt. Eine Einführung in Musiktherapie mit vier Beiträgen von Eckhard Weymann;1991;Musiktherapie als Heilmethode;978-3-442-13561-5;Deutsch;;
Decker-Voigt02f;Decker-Voigt;Hans-Helmut;Aus der Seele gespielt. Eine Einführung in Musiktherapie mit vier Beiträgen von Eckhard Weymann;1991;Musiktherapie als Heilmethode;978-3-442-13561-5;Deutsch;;
Decker-Voigt03;Decker-Voigt;Hans-Helmut;Du musst zurücktreten, Junge! Autobiografische Erzählungen.;2008;Autobiografie, Hans-Helmut, Decker-voigt;3927369365;Deutsch;;
Decker-Voigt04;Decker-Voigt;Hans-Helmut;"""... da bewegt sich was..."" Intermediale Musiktherapie in sozialen Berufen.";2018;Medien, intermediale Musiktherapie, Knills, Digitalisierung;978-3-95490-383-2;Deutsch;;
Decker-Voigt04a;Decker-Voigt;Hans-Helmut;"""... da bewegt sich was..."" Intermediale Musiktherapie in sozialen Berufen.";2018;Medien, intermediale Musiktherapie, Knills, Digitalisierung;978-3-95490-383-2;Deutsch;;
Decker-Voigt04b;Decker-Voigt;Hans-Helmut;"""... da bewegt sich was..."" Intermediale Musiktherapie in sozialen Berufen.";2018;Medien, intermediale Musiktherapie, Knills, Digitalisierung;978-3-95490-383-2;Deutsch;;
Decker-Voigt04c;Decker-Voigt;Hans-Helmut;"""... da bewegt sich was..."" Intermediale Musiktherapie in sozialen Berufen.";2018;Medien, intermediale Musiktherapie, Knills, Digitalisierung;978-3-95490-383-2;Deutsch;;
Decker-Voigt04d;Decker-Voigt;Hans-Helmut;"""... da bewegt sich was..."" Intermediale Musiktherapie in sozialen Berufen.";2018;Medien, intermediale Musiktherapie, Knills, Digitalisierung;978-3-95490-383-2;Deutsch;;
Decker-Voigt04e;Decker-Voigt;Hans-Helmut;"""... da bewegt sich was..."" Intermediale Musiktherapie in sozialen Berufen.";2018;Medien, intermediale Musiktherapie, Knills, Digitalisierung;978-3-95490-383-2;Deutsch;;
Decker-Voigt04f;Decker-Voigt;Hans-Helmut;"""... da bewegt sich was..."" Intermediale Musiktherapie in sozialen Berufen.";2018;Medien, intermediale Musiktherapie, Knills, Digitalisierung;978-3-95490-383-2;Deutsch;;
Decker-Voigt05;Decker-Voigt;Hans-Helmut;"""..das berührt mich tief"" - Musiktherapie und Basale Stimulation/Basale Bildung.";2016;Basale Stimulation, Basale Bildung;978-3-95490-208-8;Deutsch;;
Decker-Voigt06;Decker-Voigt;Hans-Helmut;Der Blick in gelbe Augen. Geschichten über Menschen und solche, die es sein wollen.;1997;Geschichten;3-928783-71-8;Deutsch;;
Decker-Voigt07;Decker-Voigt;Hans-Helmut;Einseitige Liebesgeschichten. Furchtbar normale, skurrile und kreative Hindernisläufe zum Liebesglück;2009;Beziehungen, Paarbeziehungen, Liebe, Sexualität, Bindung, Kurzgeschichten;978-3-927369-41-2;Deutsch;;
Decker-Voigt07a;Decker-Voigt;Hans-Helmut;Einseitige Liebesgeschichten. Furchtbar normale, skurrile und kreative Hindernisläufe zum Liebesglück;2009;Beziehungen, Paarbeziehungen, Liebe, Sexualität, Bindung, Kurzgeschichten;978-3-927369-41-2;Deutsch;;
Decker-Voigt07b;Decker-Voigt;Hans-Helmut;Einseitige Liebesgeschichten. Furchtbar normale, skurrile und kreative Hindernisläufe zum Liebesglück;2009;Beziehungen, Paarbeziehungen, Liebe, Sexualität, Bindung, Kurzgeschichten;978-3-927369-41-2;Deutsch;;
Decker-Voigt08;Decker-Voigt;Hans-Helmut;Handbuch Musiktherapie. Funktionsfelder. Verfahren. Und ihre interdisziplinäre Verflechtung;1983;Psychologie, Medizin, Psychiatrie, Psychosomatik, Allgemeinmedizin, Ausblind, Selbsterfahrung, Supervision;3-87204-350-1;Deutsch;;
Decker-Voigt09;Decker-Voigt;Hans-Helmut;Komm spiel mit mir. Spiele mit Tönen;1978;Töne, Spiele, Praxis, Interaktion;3-439-82015-7;Deutsch;;
Decker-Voigt10;Decker-Voigt;Hans-Helmut;Mit Musik ins Leben;2008;Schwangerschaft, Musikerleben von Kindern, Hörvermögen, Musik und Persönlichkeitsentwicklung;978-3-497-0128-1;Deutsch;;
Decker-Voigt10a;Decker-Voigt;Hans-Helmut;Mit Musik ins Leben;2008;Schwangerschaft, Musikerleben von Kindern, Hörvermögen, Musik und Persönlichkeitsentwicklung;978-3-497-0128-1;Deutsch;;
Decker-Voigt10b;Decker-Voigt;Hans-Helmut;Mit Musik ins Leben;2008;Schwangerschaft, Musikerleben von Kindern, Hörvermögen, Musik und Persönlichkeitsentwicklung;978-3-497-0128-1;Deutsch;;
Decker-Voigt10c;Decker-Voigt;Hans-Helmut;Mit Musik ins Leben;2008;Schwangerschaft, Musikerleben von Kindern, Hörvermögen, Musik und Persönlichkeitsentwicklung;978-3-497-0128-1;Deutsch;;
Decker-Voigt10d;Decker-Voigt;Hans-Helmut;Mit Musik ins Leben;2008;Schwangerschaft, Musikerleben von Kindern, Hörvermögen, Musik und Persönlichkeitsentwicklung;978-3-497-0128-1;Deutsch;;
Decker-Voigt10e;Decker-Voigt;Hans-Helmut;Mit Musik ins Leben. Wie Klänge Wirken: Schwangerschaft und frühe Kindheit;1999;Schwangerschaft, Frühe Kindheit, Kindesentwicklun, Persönlichkeitsentwicklung, Hören, Musikerleben;3-7205-2061-7;Deutsch;;
Decker-Voigt10f;Decker-Voigt;Hans-Helmut;Mit Musik ins Leben. Wie Klänge Wirken: Schwangerschaft und frühe Kindheit;1999;Schwangerschaft, Frühe Kindheit, Kindesentwicklun, Persönlichkeitsentwicklung, Hören, Musikerleben;3-7205-2061-7;Deutsch;;
Decker-Voigt11;Decker-Voigt;Hans-Helmut;Musik als Lebenshilfe. Teil A;1993;Aktion, Reaktion, Konzentration;3-87204-352-8;Deutsch;;
Decker-Voigt12;Decker-Voigt;Hans-Helmut;Musik und Kommunikation Band 1;1987;;3-87204-305-1;Deutsch;;
Decker-Voigt13;Decker-Voigt;Hans-Helmut;Musik und Kommunikation Band 2;1988;;3-87204-419-2;Deutsch;;
Decker-Voigt14;Decker-Voigt;Hans-Helmut;Musiktherapeutische Tiefenentspannung. Einführung in die Methodik rezeptiver Musiktherapie mit einem Beitrag von Frederik-Karl Maetzel;2009;Tiefenentspannung;978-3-87204-358-0;Deutsch;;
Decker-Voigt14a;Decker-Voigt;Hans-Helmut;Musiktherapeutische Tiefenentspannung. Einführung in die Methodik rezeptiver Musiktherapie mit einem Beitrag von Frederik-Karl Maetzel;2009;Tiefenentspannung;978-3-87204-358-0;Deutsch;;
Decker-Voigt14b;Decker-Voigt;Hans-Helmut;Musiktherapeutische Tiefenentspannung. Einführung in die Methodik rezeptiver Musiktherapie mit einem Beitrag von Frederik-Karl Maetzel;2009;Tiefenentspannung;978-3-87204-358-0;Deutsch;;
Decker-Voigt15;Decker-Voigt;Hans-Helmut;Pummels erste Liebe. Ein Kinderbuch für Erwachsene mit Aquarellen von Werner Steinbrecher;2004;Inneres Kind, Liebe, Entwicklungsspychologie, Geschichte, Bilderbuch;3934933092;Deutsch;;
Decker-Voigt16;Decker-Voigt;Hans-Helmut;Schulen der Musiktherapie;2001;Musiktherapie Schulen;3-497-01574-1;Deutsch;;
Decker-Voigt16a;Decker-Voigt;Hans-Helmut;Schulen der Musiktherapie;2001;Musiktherapie Schulen;3-497-01574-1;Deutsch;;
Decker-Voigt17;Decker-Voigt;Hans-Helmut;Spiele der Seele. Traum, Imagination und künstlerisches Tun.;1992;Spielraum, Bilder, Imagination, Ausdruckstherapie;3-929205-00-9;Deutsch;;
Decker-Voigt17a;Decker-Voigt;Hans-Helmut;Spiele der Seele. Traum, Imagination und künstlerisches Tun.;1992;Spielraum, Bilder, Imagination, Ausdruckstherapie;3-929205-00-9;Deutsch;;
Decker-Voigt17b;Decker-Voigt;Hans-Helmut;Spiele der Seele. Traum, Imagination und künstlerisches Tun.;1992;Spielraum, Bilder, Imagination, Ausdruckstherapie;3-929205-00-9;Deutsch;;
Decker-Voigt18;Decker-Voigt;Hans-Helmut;Spiele mit Musik. zum Sensibilisierungs- und Wahrnehmungstraining in der sonderpädagogischen Praxis.;1996;Spiele, Wahrnehmung, Sensibilisierung;3-8344-3001-5;Deutsch;;
Decker-Voigt19;Decker-Voigt;Hans-Helmut;Vom Selbstmord des Rufmörders. Mobbing im Internet. ;2008;Mobbing, Digitalisierung, Erzählung, Geschichte, Internet, Internetmobbing;978-3927369-35-1;Deutsch;;
Decker-Voigt20;Decker-Voigt;Hans-Helmut;Zwischen Tönen und Worten. Ein Reader mit Aufsätzen, Reden und Interviews;2012;Phänomenologisch orientierte Musiktherapie;389500877X;Deutsch;;
Decker-Voigt20a;Decker-Voigt;Hans-Helmut;Zwischen Tönen und Worten. Ein Reader mit Aufsätzen, Reden und Interviews;2012;Phänomenologisch orientierte Musiktherapie;389500877X;Deutsch;;
Decker-Voigt21;Decker Voigt, Dunkelziffer e.V.;Hans-Helmut;"""Der Schrecken wird hörbar"" Musiktherapie für sexuell missbrauchte Kinder";2005;Sexueller Missbrauch, Kinder;3-87204-434-6;Deutsch;;
Decker-Voigt22;Decker-Voigt, Oberegelsbacher, Timmermann;;Lehrbuch Musiktherapie;2008;Theoretische Grundlagen;978-3-8252-3068-5;Deutsch;;
Decker-Voigt22a;Decker-Voigt, Oberegelsbacher, Timmermann;;Lehrbuch Musiktherapie;2008;Theoretische Grundlagen;978-3-8252-3068-5;Deutsch;;
Decker-Voigt22b;Decker-Voigt, Oberegelsbacher, Timmermann;;Lehrbuch Musiktherapie;2008;Theoretische Grundlagen;978-3-8252-3068-5;Deutsch;;
Decker-Voigt23;Decker-Voigt, Weymann Eckhard;;Lexikon Musiktherapie;2009;Lexikon, Begriffe, Grundlagen;978-3-8017-2162-6;Deutsch;;
Decker-Voigt24;Decker-Voigt, Knill Paolo J., Eymann Eckhard;;Lexikon Musiktherapie;1996;Lexikon, Begriffe, Grundlagen;3-8017-0636-2;Deutsch;;
Decker-Voigt24a;Decker-Voigt, Knill Paolo J., Eymann Eckhard;;Lexikon Musiktherapie;1996;Lexikon, Begriffe, Grundlagen;3-8017-0636-2;Deutsch;;
Decker-Voigt25;Decker-Voigt, Rauhe, Schnack;Hans-Helmut;"""Mich macht krank, was ich liebe""";1995;Musikmedizin;3-87204-424-9;Deutsch;;
Decker-Voigt25a;Decker-Voigt, Rauhe, Schnack;Hans-Helmut;"""Mich macht krank, was ich liebe""";1995;Musikmedizin;3-87204-424-9;Deutsch;;
Decker-Voigt26;Decker-Voigt, Spintge;;Ausgabe 1. Musik und Gesundsein. Halbjahreszeitung für Musik in Therapie, Medizin und Beratung;2001;Musikmedizin;;Deutsch;;
Decker-Voigt26a;Decker-Voigt, Spintge;;Ausgabe 1. Musik und Gesundsein. Halbjahreszeitung für Musik in Therapie, Medizin und Beratung;2001;Musikmedizin;;Deutsch;;
Decker-Voigt26b;Decker-Voigt, Spintge;;Ausgabe 1. Musik und Gesundsein. Halbjahreszeitung für Musik in Therapie, Medizin und Beratung;2001;Musikmedizin;;Deutsch;;
Decker-Voigt27;Decker-Voigt, Spintge;;Ausgabe 2. Musik und Gesundsein. Halbjahreszeitung für Musik in Therapie, Medizin und Beratung;2001;Musikmedizin;;Deutsch;;
Decker-Voigt27a;Decker-Voigt, Spintge;;Ausgabe 2. Musik und Gesundsein. Halbjahreszeitung für Musik in Therapie, Medizin und Beratung;2001;Musikmedizin;;Deutsch;;
Decker-Voigt27b;Decker-Voigt, Spintge;;Ausgabe 2. Musik und Gesundsein. Halbjahreszeitung für Musik in Therapie, Medizin und Beratung;2001;Musikmedizin;;Deutsch;;
Decker-Voigt28;Decker-Voigt, Spintge;;Ausgabe 3. Musik und Gesundsein. Halbjahreszeitung für Musik in Therapie, Medizin und Beratung;2002;Musikmedizin;;Deutsch;;
Decker-Voigt28a;Decker-Voigt, Spintge;;Ausgabe 3. Musik und Gesundsein. Halbjahreszeitung für Musik in Therapie, Medizin und Beratung;2002;Musikmedizin;;Deutsch;;
Decker-Voigt28b;Decker-Voigt, Spintge;;Ausgabe 3. Musik und Gesundsein. Halbjahreszeitung für Musik in Therapie, Medizin und Beratung;2002;Musikmedizin;;Deutsch;;
Decker-Voigt29;Decker-Voigt, Spintge;;Ausgabe 4. Musik und Gesundsein. Halbjahreszeitung für Musik in Therapie, Medizin und Beratung;2002;Musikmedizin;;Deutsch;;
Decker-Voigt29a;Decker-Voigt, Spintge;;Ausgabe 4. Musik und Gesundsein. Halbjahreszeitung für Musik in Therapie, Medizin und Beratung;2002;Musikmedizin;;Deutsch;;
Decker-Voigt29b;Decker-Voigt, Spintge;;Ausgabe 4. Musik und Gesundsein. Halbjahreszeitung für Musik in Therapie, Medizin und Beratung;2002;Musikmedizin;;Deutsch;;
Decker-Voigt29c;Decker-Voigt, Spintge;;Ausgabe 4. Musik und Gesundsein. Halbjahreszeitung für Musik in Therapie, Medizin und Beratung;2002;Musikmedizin;;Deutsch;;
Decker-Voigt30;Decker-Voigt, Spintge;;Ausgabe 5. Musik und Gesundsein. Halbjahreszeitung für Musik in Therapie, Medizin und Beratung;2003;Musikmedizin;;Deutsch;;
Decker-Voigt30a;Decker-Voigt, Spintge;;Ausgabe 5. Musik und Gesundsein. Halbjahreszeitung für Musik in Therapie, Medizin und Beratung;2003;Musikmedizin;;Deutsch;;
Decker-Voigt31;Decker-Voigt, Spintge;;Ausgabe 6. Musik und Gesundsein. Halbjahreszeitung für Musik in Therapie, Medizin und Beratung;2003;Musikmedizin;;Deutsch;;
Decker-Voigt31a;Decker-Voigt, Spintge;;Ausgabe 6. Musik und Gesundsein. Halbjahreszeitung für Musik in Therapie, Medizin und Beratung;2003;Musikmedizin;;Deutsch;;
Decker-Voigt31b;Decker-Voigt, Spintge;;Ausgabe 6. Musik und Gesundsein. Halbjahreszeitung für Musik in Therapie, Medizin und Beratung;2003;Musikmedizin;;Deutsch;;
Decker-Voigt32;Decker-Voigt, Spintge, Weymann;;Ausgabe 8. Musik und Gesundsein. Halbjahreszeitung für Musik in Therapie, Medizin und Beratung;2004;Musikmedizin;;Deutsch;;
Decker-Voigt32a;Decker-Voigt, Spintge, Weymann;;Ausgabe 8. Musik und Gesundsein. Halbjahreszeitung für Musik in Therapie, Medizin und Beratung;2004;Musikmedizin;;Deutsch;;
Decker-Voigt33;Decker-Voigt, Spintge, Weymann;;Ausgabe 9. Musik und Gesundsein. Halbjahreszeitung für Musik in Therapie, Medizin und Beratung;2005;Musikmedizin;;Deutsch;;
Decker-Voigt33a;Decker-Voigt, Spintge, Weymann;;Ausgabe 9. Musik und Gesundsein. Halbjahreszeitung für Musik in Therapie, Medizin und Beratung;2005;Musikmedizin;;Deutsch;;
Decker-Voigt33b;Decker-Voigt, Spintge, Weymann;;Ausgabe 9. Musik und Gesundsein. Halbjahreszeitung für Musik in Therapie, Medizin und Beratung;2005;Musikmedizin;;Deutsch;;
Decker-Voigt34;Decker-Voigt, Spintge, Weymann;;Ausgabe 10. Musik und Gesundsein. Halbjahreszeitung für Musik in Therapie, Medizin und Beratung;2005;Musikmedizin;;Deutsch;;
Decker-Voigt34a;Decker-Voigt, Spintge, Weymann;;Ausgabe 10. Musik und Gesundsein. Halbjahreszeitung für Musik in Therapie, Medizin und Beratung;2005;Musikmedizin;;Deutsch;;
Decker-Voigt34b;Decker-Voigt, Spintge, Weymann;;Ausgabe 10. Musik und Gesundsein. Halbjahreszeitung für Musik in Therapie, Medizin und Beratung;2005;Musikmedizin;;Deutsch;;
Decker-Voigt34c;Decker-Voigt, Spintge, Weymann;;Ausgabe 10. Musik und Gesundsein. Halbjahreszeitung für Musik in Therapie, Medizin und Beratung;2005;Musikmedizin;;Deutsch;;
Decker-Voigt35;Decker-Voigt, Spintge, Weymann;;Ausgabe 11. Musik und Gesundsein. Halbjahreszeitung für Musik in Therapie, Medizin und Beratung;2006;Musikmedizin;;Deutsch;;
Decker-Voigt35a;Decker-Voigt, Spintge, Weymann;;Ausgabe 11. Musik und Gesundsein. Halbjahreszeitung für Musik in Therapie, Medizin und Beratung;2006;Musikmedizin;;Deutsch;;
Decker-Voigt35b;Decker-Voigt, Spintge, Weymann;;Ausgabe 11. Musik und Gesundsein. Halbjahreszeitung für Musik in Therapie, Medizin und Beratung;2006;Musikmedizin;;Deutsch;;
Decker-Voigt36;Decker-Voigt, Spintge, Weymann;;Ausgabe 12. Musik und Gesundsein. Halbjahreszeitung für Musik in Therapie, Medizin und Beratung;2006;Musikmedizin;;Deutsch;;
Decker-Voigt36a;Decker-Voigt, Spintge, Weymann;;Ausgabe 12. Musik und Gesundsein. Halbjahreszeitung für Musik in Therapie, Medizin und Beratung;2006;Musikmedizin;;Deutsch;;
Decker-Voigt36b;Decker-Voigt, Spintge, Weymann;;Ausgabe 12. Musik und Gesundsein. Halbjahreszeitung für Musik in Therapie, Medizin und Beratung;2006;Musikmedizin;;Deutsch;;
Decker-Voigt37;Decker-Voigt, Spintge, Weymann;;Ausgabe 13. Musik und Gesundsein. Halbjahreszeitung für Musik in Therapie, Medizin und Beratung;2007;Musikmedizin;;Deutsch;;
Decker-Voigt37a;Decker-Voigt, Spintge, Weymann;;Ausgabe 13. Musik und Gesundsein. Halbjahreszeitung für Musik in Therapie, Medizin und Beratung;2007;Musikmedizin;;Deutsch;;
Decker-Voigt37b;Decker-Voigt, Spintge, Weymann;;Ausgabe 13. Musik und Gesundsein. Halbjahreszeitung für Musik in Therapie, Medizin und Beratung;2007;Musikmedizin;;Deutsch;;
Decker-Voigt38;Decker-Voigt, Spintge, Weymann;;Ausgabe 14. Musik und Gesundsein. Halbjahreszeitung für Musik in Therapie, Medizin und Beratung;2008;Musikmedizin;;Deutsch;;
Decker-Voigt38a;Decker-Voigt, Spintge, Weymann;;Ausgabe 14. Musik und Gesundsein. Halbjahreszeitung für Musik in Therapie, Medizin und Beratung;2008;Musikmedizin;;Deutsch;;
Decker-Voigt38b;Decker-Voigt, Spintge, Weymann;;Ausgabe 14. Musik und Gesundsein. Halbjahreszeitung für Musik in Therapie, Medizin und Beratung;2008;Musikmedizin;;Deutsch;;
Decker-Voigt39;Decker-Voigt, Spintge, Weymann;;Ausgabe 15. Musik und Gesundsein. Halbjahreszeitung für Musik in Therapie, Medizin und Beratung;2008;Musikmedizin;;Deutsch;;
Decker-Voigt39a;Decker-Voigt, Spintge, Weymann;;Ausgabe 15. Musik und Gesundsein. Halbjahreszeitung für Musik in Therapie, Medizin und Beratung;2008;Musikmedizin;;Deutsch;;
Decker-Voigt40;Decker-Voigt, Spintge, Weymann;;Ausgabe 19. Musik und Gesundsein. Orientalische Musiktherapie;2011;Musikmedizin;;Deutsch;;
Decker-Voigt40a;Decker-Voigt, Spintge, Weymann;;Ausgabe 19. Musik und Gesundsein. Orientalische Musiktherapie;2011;Musikmedizin;;Deutsch;;
Decker-Voigt40b;Decker-Voigt, Spintge, Weymann;;Ausgabe 19. Musik und Gesundsein. Orientalische Musiktherapie;2011;Musikmedizin;;Deutsch;;
Decker-Voigt41;Decker-Voigt, Spintge, Weymann;;Ausgabe 20. Musik und Gesundsein. Instrumente der Musiktherapie;2011;Musikmedizin;;Deutsch;;
Decker-Voigt41a;Decker-Voigt, Spintge, Weymann;;Ausgabe 20. Musik und Gesundsein. Instrumente der Musiktherapie;2011;Musikmedizin;;Deutsch;;
Decker-Voigt41b;Decker-Voigt, Spintge, Weymann;;Ausgabe 20. Musik und Gesundsein. Instrumente der Musiktherapie;2011;Musikmedizin;;Deutsch;;
Decker-Voigt42;Decker-Voigt, Spintge, Weymann;;Ausgabe 21. Musik und Gesundsein. Stimme und Singen in der Musiktherapie;2012;Musikmedizin;;Deutsch;;
Decker-Voigt42a;Decker-Voigt, Spintge, Weymann;;Ausgabe 21. Musik und Gesundsein. Stimme und Singen in der Musiktherapie;2012;Musikmedizin;;Deutsch;;
Decker-Voigt42b;Decker-Voigt, Spintge, Weymann;;Ausgabe 21. Musik und Gesundsein. Stimme und Singen in der Musiktherapie;2012;Musikmedizin;;Deutsch;;
Decker-Voigt43;Decker-Voigt, Spintge, Weymann;;Ausgabe 22. Musik und Gesundsein. Musiktherapie in der Schule;2012;Musikmedizin;;Deutsch;;
Decker-Voigt43a;Decker-Voigt, Spintge, Weymann;;Ausgabe 22. Musik und Gesundsein. Musiktherapie in der Schule;2012;Musikmedizin;;Deutsch;;
Decker-Voigt43b;Decker-Voigt, Spintge, Weymann;;Ausgabe 22. Musik und Gesundsein. Musiktherapie in der Schule;2012;Musikmedizin;;Deutsch;;
Decker-Voigt44;Decker-Voigt, Spintge, Weymann;;Ausgabe 23. Musik und Gesundsein. Musiktherapie und Migration;2013;Musikmedizin;;Deutsch;;
Decker-Voigt44a;Decker-Voigt, Spintge, Weymann;;Ausgabe 23. Musik und Gesundsein. Musiktherapie und Migration;2013;Musikmedizin;;Deutsch;;
Decker-Voigt44b;Decker-Voigt, Spintge, Weymann;;Ausgabe 23. Musik und Gesundsein. Musiktherapie und Migration;2013;Musikmedizin;;Deutsch;;
Decker-Voigt45;Decker-Voigt, Spintge, Weymann;;Ausgabe 25. Musik und Gesundsein.Musiktherapie bei Trennungskindern;2014;Musikmedizin;;Deutsch;;
Decker-Voigt45a;Decker-Voigt, Spintge, Weymann;;Ausgabe 25. Musik und Gesundsein.Musiktherapie bei Trennungskindern;2014;Musikmedizin;;Deutsch;;
Decker-Voigt45b;Decker-Voigt, Spintge, Weymann;;Ausgabe 25. Musik und Gesundsein.Musiktherapie bei Trennungskindern;2014;Musikmedizin;;Deutsch;;
Decker-Voigt46;Decker-Voigt, Spintge, Weymann;;Ausgabe 26. Musik und Gesundsein.Musiktherapie bei Demenz;2014;Musikmedizin;;Deutsch;;
Decker-Voigt46a;Decker-Voigt, Spintge, Weymann;;Ausgabe 26. Musik und Gesundsein.Musiktherapie bei Demenz;2014;Musikmedizin;;Deutsch;;
Decker-Voigt46b;Decker-Voigt, Spintge, Weymann;;Ausgabe 26. Musik und Gesundsein.Musiktherapie bei Demenz;2014;Musikmedizin;;Deutsch;;
Decker-Voigt47;Decker-Voigt, Spintge, Weymann;;Ausgabe 27. Musik und Gesundsein.Musiktherapie und Sprachförderung;2015;Musikmedizin;;Deutsch;;
Decker-Voigt47a;Decker-Voigt, Spintge, Weymann;;Ausgabe 27. Musik und Gesundsein.Musiktherapie und Sprachförderung;2015;Musikmedizin;;Deutsch;;
Decker-Voigt48;Decker-Voigt, Spintge, Weymann;;Ausgabe 28. Musik und Gesundsein.Musiktherapie bei Persönlichkeitsstörungen;2015;Musikmedizin;;Deutsch;;
Decker-Voigt48a;Decker-Voigt, Spintge, Weymann;;Ausgabe 28. Musik und Gesundsein.Musiktherapie bei Persönlichkeitsstörungen;2015;Musikmedizin;;Deutsch;;
Decker-Voigt48b;Decker-Voigt, Spintge, Weymann;;Ausgabe 28. Musik und Gesundsein.Musiktherapie bei Persönlichkeitsstörungen;2015;Musikmedizin;;Deutsch;;
Decker-Voigt49;Decker-Voigt, Spintge, Weymann;;Ausgabe 29. Musik und Gesundsein.Musiktherapie und Sucht;2016;Musikmedizin;;Deutsch;;
Decker-Voigt49a;Decker-Voigt, Spintge, Weymann;;Ausgabe 29. Musik und Gesundsein.Musiktherapie und Sucht;2016;Musikmedizin;;Deutsch;;
Decker-Voigt49b;Decker-Voigt, Spintge, Weymann;;Ausgabe 29. Musik und Gesundsein.Musiktherapie und Sucht;2016;Musikmedizin;;Deutsch;;
Decker-Voigt50;Decker-Voigt, Spintge, Weymann;;Ausgabe 30. Musik und Gesundsein.Musiktherapie und Psychotraumatologie;2016;Musikmedizin;;Deutsch;;
Decker-Voigt51;Decker-Voigt, Spintge, Weymann;;Ausgabe 33. Musik und Gesundsein.Musiktherapie und Schwerstmehrfachbehinderung;2018;Musikmedizin;;Deutsch;;
Decker-Voigt51a;Decker-Voigt, Spintge, Weymann;;Ausgabe 33. Musik und Gesundsein.Musiktherapie und Schwerstmehrfachbehinderung;2018;Musikmedizin;;Deutsch;;
Decker-Voigt51b;Decker-Voigt, Spintge, Weymann;;Ausgabe 33. Musik und Gesundsein.Musiktherapie und Schwerstmehrfachbehinderung;2018;Musikmedizin;;Deutsch;;
Decker-Voigt52;Decker-Voigt, Spintge, Weymann;;Ausgabe 34. Musik und Gesundsein.Digitale Instrumente in der Musiktherapie;2018;Musikmedizin;;Deutsch;;
Decker-Voigt52a;Decker-Voigt, Spintge, Weymann;;Ausgabe 34. Musik und Gesundsein.Digitale Instrumente in der Musiktherapie;2018;Musikmedizin;;Deutsch;;
Decker-Voigt52b;Decker-Voigt, Spintge, Weymann;;Ausgabe 34. Musik und Gesundsein.Digitale Instrumente in der Musiktherapie;2018;Musikmedizin;;Deutsch;;
Decker-Voigt53;Decker-Voigt, Spintge, Weymann;;Ausgabe 35. Musik und Gesundsein.Die Muttersprache in der Musiktherapie;2019;Musikmedizin;;Deutsch;;
Decker-Voigt53a;Decker-Voigt, Spintge, Weymann;;Ausgabe 35. Musik und Gesundsein.Die Muttersprache in der Musiktherapie;2019;Musikmedizin;;Deutsch;;
Decker-Voigt53b;Decker-Voigt, Spintge, Weymann;;Ausgabe 35. Musik und Gesundsein.Die Muttersprache in der Musiktherapie;2019;Musikmedizin;;Deutsch;;
Decker-Voigt54;Decker-Voigt, Spintge, Weymann;;Ausgabe 36. Musik und Gesundsein.Wem gehört die Musiktherapie?;2019;Musikmedizin;;Deutsch;;
Decker-Voigt54a;Decker-Voigt, Spintge, Weymann;;Ausgabe 36. Musik und Gesundsein.Wem gehört die Musiktherapie?;2019;Musikmedizin;;Deutsch;;
Decker-Voigt54b;Decker-Voigt, Spintge, Weymann;;Ausgabe 36. Musik und Gesundsein.Wem gehört die Musiktherapie?;2019;Musikmedizin;;Deutsch;;
Decker-Voigt55;Decker-Voigt, Spintge, Weymann;;Ausgabe 37. Musik und Gesundsein.Musiktherapie in der Musikschule;2020;Musikmedizin;;Deutsch;;
Decker-Voigt55a;Decker-Voigt, Spintge, Weymann;;Ausgabe 37. Musik und Gesundsein.Musiktherapie in der Musikschule;2020;Musikmedizin;;Deutsch;;
Decker-Voigt55b;Decker-Voigt, Spintge, Weymann;;Ausgabe 37. Musik und Gesundsein.Musiktherapie in der Musikschule;2020;Musikmedizin;;Deutsch;;
Decker-Voigt56;Decker-Voigt, Spintge, Weymann;;Ausgabe 38. Musik und Gesundsein.Musiktherapie mittendrin - zwischen den Kulturen;2020;Musikmedizin;;Deutsch;;
Decker-Voigt56a;Decker-Voigt, Spintge, Weymann;;Ausgabe 38. Musik und Gesundsein.Musiktherapie mittendrin - zwischen den Kulturen;2020;Musikmedizin;;Deutsch;;
Decker-Voigt56b;Decker-Voigt, Spintge, Weymann;;Ausgabe 38. Musik und Gesundsein.Musiktherapie mittendrin - zwischen den Kulturen;2020;Musikmedizin;;Deutsch;;
Decker-Voigt57;Decker-Voigt, Spintge, Weymann;;Musik und Gesundsein.Musiktherapie in Hospiz und Palliativmedizin;K.A.;Musikmedizin;;Deutsch;;
Decker-Voigt57a;Decker-Voigt, Spintge, Weymann;;Musik und Gesundsein.Musiktherapie in Hospiz und Palliativmedizin;K.A.;Musikmedizin;;Deutsch;;
Decker-Voigt57b;Decker-Voigt, Spintge, Weymann;;Musik und Gesundsein.Musiktherapie in Hospiz und Palliativmedizin;K.A.;Musikmedizin;;Deutsch;;
Decker-Voigt58;Decker-Voigt, Spintge, Weymann;;Ausgabe 15. Musik und Gesundsein. Halbjahreszeitung für Musik in Therapie, Medizin und Beratung;2008;Musikmedizin;;Deutsch;;
Decker-Voigt59;Decker-Voigt, Escher Josef;Hans-Helmut;Neue Klänge in der Medizin. Musiktherapie in der Inneren Medizin;1994;Musikmedizin, innere Medizin, Musik und Gesundheit;3-929205-04-1;Deutsch;;
DMG 01;Deutsche Musiktherapie Gesellschaft;(DMtG);Jahrbuch Musiktherapie, Music Therapy Annual. Band 2 (2006) Schöpferisches Potential der Musiktherapie vor dem Hintergrund gegenwärtiger Rahmenbedingungen;2006;Schöpferisches Potential Musiktherapie;3-89500-488-9;Deutsch/Englisch;;
DMG 02;Deutsche Musiktherapie Gesellschaft;(DMtG);"Jahrbuch Musiktherapie, Music Therapy Annual. Band 4(2008) ""Drittes Reich"" Zweiter Weltkrieg und danach - Spuren der Vergangenheit";2008;Drittes reich, Zweiter Weltkrieg, Flucht, Verfolgung;978-3-89500-687-6;Deutsch/Englisch;;
DMG 02;Deutsche Musiktherapie Gesellschaft;(DMtG);"Jahrbuch Musiktherapie, Music Therapy Annual. Band 4(2008) ""Drittes Reich"" Zweiter Weltkrieg und danach - Spuren der Vergangenheit";2008;Drittes reich, Zweiter Weltkrieg, Flucht, Verfolgung;978-3-89500-687-6;Deutsch/Englisch;;
DMG 03;Deutsche Musiktherapie Gesellschaft;(DMtG);Jahrbuch Musiktherapie, Music Therapy Annual. Band 5(2009) Musiktherapie und emotionale Differenzierung;2009;emotionale Differenzierung;978-3-89500-733-0;Deutsch/Englisch;;
DMG 04;Deutsche Musiktherapie Gesellschaft;(DMtG);Jahrbuch Musiktherapie, Music Therapy Annual. Band 7(2011) Grenzen und Übergänge;2011;Grenzen, Übergänge;978-3-89500-866-5;Deutsch/Englisch;;
DMG 05;Deutsche Musiktherapie Gesellschaft;(DMtG);Jahrbuch Musiktherapie, Music Therapy Annual. Band 10(2014) Mentalisierung und Symbolbildung in der musiktherapeutischen Praxis;2014;Mentalisierung und Symbolbildung in der musiktherapeutischen Praxis;978-3-95490-070-1;Deutsch/Englisch;;
DMG 06;Deutsche Musiktherapie Gesellschaft;(DMtG);Jahrbuch Musiktherapie, Music Therapy Annual. Band 11(2015) Formen;2015;Formen;978-3-95490-163-0;Deutsch/Englisch;;
Dtv-Atlas;Dtv-Atlas;;Musik;2001;Musik, Begriffe, Epochen, Geschichte, Grundlagen;3-423-08599-1;Deutsch;;
Elbing;Elbing;Ulrich;Nichts passiert aus heiterem Himmel...es sei denn, man kennt das Wetter nicht. Transaktionsanalyse, geistige Behinderung und sogenannte Verhaltensstörungen;1996;Transaktionsanalyse, geistige Behinderung, Verhaltensstörungen;3-8080-0381-2;Deutsch;;
Elhardt;Elhardt;Siegfried;Tiefenpsychologie. Eine Einführung. Siebte Auflage;1980;Tiefenpsychologie;3-17-005735-9;Deutsch;;
Eschen01;Eschen;Johannes Th.;Analytical Music Therapy;2002;AMT;;Englisch;;
Eschen02;Eschen;Johannes Th.;Zu den Anfängen der Musiktherapie in Deutschland;2010;Anfänge der Musiktherapie Deutschland;978-3-89500-778-1;Deutsch;;
Etkin;Etkin;Pauline;Dialogue and Debate. Musik Therapy in the 21st Century: A contemporary Force for Change. Book of Abstracts;2002;Abstracts, Musictherapie;;Englisch;;
Finger-Trescher;Finger-Trescher;Urte;Wirkfaktoren der Einzel- und Gruppenanalyse;1991;Wirkungsfaktoren, Psychoanalyse;3-7728-1424-7;Deutsch;;
Fitzthum;Fitzthum;Elena;Wiener Ringvorlesung Musiktherapie;2014;Theoretische Grundlagen, Praxisfelder;978-3-7069-1012-5;Deutsch;;
Frohne-Ha01;Frohne-Hagemann, Pleß-Adamczyk;Isabellle;Indikation Musiktherapie bei psychischen Problemen im Kindes- und Jugendalter. Musiktherapeutische Diagnose und Manual nach ICD-10;2005;Kinder, Jugendliche, Psyche, Probleme ;978-3-525-46211-9;Deutsch;;
Frohne-Ha01a;Frohne-Hagemann, Pleß-Adamczyk;Isabellle;Indikation Musiktherapie bei psychischen Problemen im Kindes- und Jugendalter. Musiktherapeutische Diagnose und Manual nach ICD-10;2005;Kinder, Jugendliche, Psyche, Probleme ;978-3-525-46211-9;Deutsch;;
Frohne-Ha02;Frohne-Hagemann, Pleß-Adamczyk;Isabellle;Musik und Gestalt. Klinische Musiktherapie als integrative Psychotherapie.;1990;Psychotherapie, Ganzheitlichkeit, Musik, Klang, klinisch – Praxeologischen Gesichtspunkten;3-87387-011-8;Deutsch;;
Graubner;Graubner;Bernd;ICD-10-GM. 2010. Systematisches verzeichnis. Internationale statistische Klassifikation der Krankheiten und verwandter Gesundheitsprobleme. 10.Revision - German Modification;2009;Klassifikation der Krankheiten, Statistik, Gesundheitsprobleme;978-3-7691-3442-1;Deutsch;;
Grocke, Wigram;Grocke, Wigram;Denise;Receptive Methods in Music Therapy. Techniques and linkslastigstem Applications for Music Therapy Clinicians, Educators and STudents;2007;Rezeptive Methoden, Techniken, Praxisbeispiele, Klinik;1-84310-413-x;Englisch;;
Grootaers;Grootaers;Frank G.;Bilder Behandeln Bilder. Musiktherapie als angewandte Morphologie;2000;Bilder, Behandlung, angewandte Morphologie;3-8258-5339-x;Deutsch;;
Hamel;Hamel;Peter Michael;Ein neuer Ton. Ausgewählte Schriften zu einer ganzen Musik;2007;Klang, Kulturphilosophie, Kulturethnographie;978-3-86520-261-1;Deutsch;;
Hegi01;Hegi;Fritz;Improvisation und Musiktherapie. Möglichkeiten und Wirkungen von freier Musik;1990;Improvisation, freie Musik;3-87387-207-6;Deutsch;;
Hegi02;Hegi;Fritz;Übergänge zwischen Sprache und Musik. Die Wirkungskomponenten der Musiktherapie;1998;Kommunikation, Sprache;3-87387-353-2;Deutsch;;
Heim;Heim;Edgar;Problemorientierte Musiktherapie. Ein integratives Konzept (für weitere Info siehe Blaser, Andreas);;;;;;
Henecka;Henecka;Nici;Ästhetik und Musiktherapie;2010;Musiktherapeutische Ästhetik, Ästhetik, Handlungsweisen;978-3-89500-740-8;Deutsch;;
Hennen01;Hennen;Peter;Musik als Hilfe zur Erziehung;2010;Erziehung;978-3-895000-741-5;Deutsch;;
Hennen02;Hennen;Peter;Musik als Hilfe zur Erziehung;2010;Erziehung;978-3-895000-741-5;Deutsch;;
Hoffmann01;Hoffmann;Prof. Dr. S.O.;Einführung in die Neurosenlehre und Psychosomatische Medizin. 3. Auflage;1987;Neurose, Psychosomatik, Psychotherapie;3-7945-1212-X;Deutsch;;
Hoffmann01a;Hoffmann;Prof. Dr. S.O.;Einführung in die Neurosenlehre und Psychosomatische Medizin. 3. Auflage;1987;Neurose, Psychosomatik, Psychotherapie;3-7945-1212-X;Deutsch;;
Holderegger;Holderegger;Hans;Der Umgang mit dem Trauma;1998;Trauma, Psychologie, Psychoanalyse;3-608-95975-0;Deutsch;;
Hoot 01;Hoot Antink, Weymann, Ohls;Monika T.;Musiktherapeutische Umschau. Forschung und Praxis der Musiktherapie ;2019;Stimme, Selbstwert, Gruppentherapie, Depressionsbehandlung, Depressionen, Autismus, Leib musikalische Resonanzbereitschft;0172-5505;Deutsch;;
Hoot 01a;Hoot Antink, Weymann, Ohls;Monika T.;Musiktherapeutische Umschau. Forschung und Praxis der Musiktherapie ;2019;Stimme, Selbstwert, Gruppentherapie, Depressionsbehandlung, Depressionen, Autismus, Leib musikalische Resonanzbereitschft;0172-5505;Deutsch;;
Hoot 01b;Hoot Antink, Weymann, Ohls;Monika T.;Musiktherapeutische Umschau. Forschung und Praxis der Musiktherapie ;2019;Stimme, Selbstwert, Gruppentherapie, Depressionsbehandlung, Depressionen, Autismus, Leib musikalische Resonanzbereitschft;0172-5505;Deutsch;;
Jochims;Jochims;Silke;Musiktherapie in der Neurorehabilitation;2005;Neurorehabilitation. Konzepte, Forschung, Praxis, Neurologie;3-936817-19-7;Deutsch;;
Kemmelmeyer, Probst;Kemmelmeyer, Probst;Karl-Jürgen;Quellenbesteuerung zur Pädagogischen Musiktherapie. Zur genese eines Faches;1981;Pädagogik, Grundlagen, Entstehung;3-7649-1350-9;Deutsch;;
Klein;Klein;Melanie;Das Seelenleben des Kleinkindes und andere Beiträge zur Psychoanalyse;2015;Psychoanalyse, Kleinkinder, Kinder, Seele;978-3-608-94722-9;Deutsch;;
Knill;Knill;Paolo J.;Ausdruckstherapie, Künstlerischer Ausdruck in Therapie und Erziehung als intermediate Methode;1992;Ausdruckstherapie;3-87204-417-6;Deutsch;;
Siehe Schwertfeger, Bärbel;Koch;Klaus;Der Therapieführer. Die wichtigsten Formen und Methoden;1989;;;Deutsch;;
Kreutz;Kreutz;Gunter;Warum singen glücklich macht;2014;Singen, Glück, Wohlbefinden;978-3-8379-2395-7;Deutsch;;
Kuntsche;Kuntsche;Annette;Kinder mit schweren Behinderungen in der Musiktherapie. Zwischen annehmen, spüren, Begegnen und entdecken;2011;Behinderung, ;978-3-89500-841-2;Deutsch;;
Kümmel;Kümmel;Werner-Friedrich;Musik und Medizin. Ihre Wechselbeziehungen in Theorie und Praxis von 800 bis 1800;1977;Musik Medizin;3-495-49602-5;Deutsch;;
Lauchauer;Lauchauer;Rudolf;Der Fokus in der Psychotherapie. Fokalsätze und ihre Anwendung in Kurztherapie und anderen Formen analytischer Psychotherapie;1992;Psychotherapie, Fokalsätze;3-7904-0593-0;Deutsch;;
LSV;Landschaftsverband ;Rheinland;Kreativtherapien Wissenschaftliche Akzente und Tendenzen;2003;Psychiatrie, Heilpädagogik;3924182558;Deutsch;;
Langen;Langen;Dietrich;Autogenes Training. ;;Autogenes Training, Anleitungq;3-7742-2194-4;Deutsch;;
Leidecker;Leidecker;Klaus;Musik als Begegnung. Schöpferisches Handeln zwischen Pädagogik und Therapie;2002;Pädagogik, Begegnung;3-89500-256-9;Deutsch;;
Leuner;Leuner;Hanscarl;Katathymes Bilderleben. Grundstufe. Einführung in die Psychotherapie mit der Tagtraumtechnik. Ein Seminar;1982;Tagtraumtechnik, Katathymes Bilderleben;3-13-464403-7;Deutsch;;
Leuzinger-Bohleber;Leuzinger-Bohleber;Marianne;Frühe Kindheit als Schicksal? Trauma, Embodiment, Soziale Desintegration. Psychoanalytische Perspektiven. Mit kinderanalytischen Fallberichten von Angelika und Rose Ahlheim;2009;Frühe Kindheit, Trauma, Embnodiment, Soziale Desintegration, Psychoanalyse, Fallbeispiele;978-3-17-020344-0;Deutsch;;
Mahns;Mahns;Beate;Musiktherapie bei verhaltensauffälligen Kindern. Praxisberichte und Versuch einer Neuorientierung;1997; verhaltensauffällige Kinder, Praxisberichte, Neuorientierung;3-437-21028-9;Deutsch;;
Mahns01;Mahns;Wolfgang;"Ein Schülermord im Oktober ""Ist eine Kitty Schmitt Schülerin an Ihrer Schule?"" Protokoll einer schulischen Aufarbeitung";2008;Protokoll Aufarbeitung von Schülermord an einer Schule;978-3-937212-29-6;Deutsch;;
Mahns02;Mahns;Wolfgang;Symbolbildung in der analytischen Kindermusiktherapie. Eine qualitative Studie über die Bedeutung der musikalischen Improvisation in der Musiktherapie mit Schulkindern;2004;Analytische Musiktherapie, Kinder, Schulkinder, improvisation, Deutung;3-8258-4037-9;Deutsch;;
Mahns02a;Mahns;Wolfgang;Symbolbildung in der analytischen Kindermusiktherapie. Eine qualitative Studie über die Bedeutung der musikalischen Improvisation in der Musiktherapie mit Schulkindern;2004;Analytische Musiktherapie, Kinder, Schulkinder, improvisation, Deutung;3-8258-4037-9;Deutsch;;
Mahns03;Mahns, Ruud;Wolfgang;Meta-Musiktherapie. Wege zu einer Theorie der Musiktherapie;;;;;;
Marhold;Marhold;Konrad Josef;Musikinstrumente für Behinderte;1976;Menschen mit Behinderung, Barrierefreie Instrumente ;3– 7864 – 1808 – X;Deutsch;;
Marinovici;Marinovici;Cesar;Gehörbildung. Aber wie? Nicht rechnen sondern hören!;2000;Gehörbildung;3-928825-74-7;Deutsch;;
Mehner;Mehner, Koch;Anja;Handbuch Psychoonkologie;2016;Psychoonkologie;978 – 3 – 8017 – 2474 – 0;Deutsch;;
Menztos;Menztos;Stavros;Neurotische Konfliktbearbeitung;1982;Psychoanalyse, Neurosen;3-463 – 02239 –7;Deutsch;;
Metzner01;Metzner;Susanne;Faszination Musiktherapie. Hommage an Hans-Helmut Decker-Voigt;2005;Anfänge der Musiktherapie;3-87204-436-2;Deutsch;;
Metzner01a;Metzner;Susanne;Faszination Musiktherapie. Hommage an Hans-Helmut Decker-Voigt;2005;Anfänge der Musiktherapie;3-87204-436-2;Deutsch;;
Metzner01b;Metzner;Susanne;Faszination Musiktherapie. Hommage an Hans-Helmut Decker-Voigt;2005;Anfänge der Musiktherapie;3-87204-436-2;Deutsch;;
Metzner01c;Metzner;Susanne;Faszination Musiktherapie. Hommage an Hans-Helmut Decker-Voigt;2005;Anfänge der Musiktherapie;3-87204-436-2;Deutsch;;
Metzner01d;Metzner;Susanne;Faszination Musiktherapie. Hommage an Hans-Helmut Decker-Voigt;2005;Anfänge der Musiktherapie;3-87204-436-2;Deutsch;;
Mitzlaff 01;Mitzlaff, Niedecken;Sabine;Zerstörung des Denkens im Trauma;2013;Trauma, Traumatherapie;978-3-95558-039-1;Deutsch;;
Mitzlaff 01a;Mitzlaff, Niedecken;Sabine;Zerstörung des Denkens im Trauma;2013;Trauma, Traumatherapie;978-3-95558-039-1;Deutsch;;
Morgentahler;Morgentahler;Fritz;Der Traum. Fragmente zur Theorie und Technik der Traumdeutung;1986;Traumdeutung;3-88655-215-2;Deutsch;;
MU;Musiktherapeutische Umschau;;Musiktherapeutische Umschau Forschung und Praxis der Musiktherapie;2007;Meta-Analyse, Holocaust, Kindheit, Forschung, Methodik, Rezeptive Musiktherapie;0172-5505;Deutsch;;
Muthesius;Muthesius, Sonntag, Warme, Falk;Dorothea;Musiktherapie für Menschen mit Demenz;2010;Musik, Demenz, Begegnung;978-3863214333;Deutsch;;
Müller-Oursin;Müller-Oursin;Barbara;»Ich wachse, wenn ich Musik mache«: Musiktherapie mit chronisch kranken und von Behinderung bedrohten Kindern. 13. Musiktherapietagung (5. bis 6. März 2005) (zeitpunkt musik);2005;Chronische Krankheit, Behinderung, Kider;978-3895004728;Deutsch;;
Nauck;Nauck;Friedmann;Lehrbuch von Palliativmedizin (für weitere Angaben siehe Aulbert);1998;Tinnitus, Gehör;3-89019-438-9;Deutsch;;
Nelting;Nelting, Hesse, Schaaf;M.;Tinnitustherapie mit Leib und Seele;;;;;;
Niedecken;Niedecken;Dietmut;Szene und Containment. Wilfred Biion und Alfred Lorenzer: Ein fiktiver Dialog;2008;Bin, Lorenzer;978 – 3– 8288 – 9674 – 1;Deutsch;;
Nöcker-Ribaupierre;Nöcker-Ribaupierre;Monika;Förderung Frühgeborener Kinder mit Musik und Stimme;2004;Frühgeborene Kinder;3-497-01721-3;Deutsch;;
Nordoff;Nordoff, Robbins;Paul;Therapy in Music for handicapped childeren;1971;Musiktherapy, Kinder mit Behinderung;0-575-00755-9;Englisch;;
Oldfield;Oldfield;Amalia;Interaktiv Musiktherapy & Child & Family Psychiatry;2006;Interaktive Musiktherapie, Kinder, Familien, Klinische Praxis, Forschung, Lehre;1-84310-444-X;Deutsch;;
Pavlicevic 01;Pavlicevic;Mercédes;Groups in Music. Strategies from Music Therapy.;2003;Gruppenprozess, Strategien;1-84310-0819;Englisch;;
Pavlicevic 02;Pavlicevic;Mercédes;Music therapy in Childeren‘s Hospices;2005;Musiktherapie, Hospiz, Kinder;978-1843102540;Englisch;;
Pühl ;Pühl ;Harald;Angst in Gruppen und Institutionen;1994;Angst;3-927370-16-9;Deutsch;;
Petersen, Thiel;Petersen, Thiel;Dietrich;Tonarten, Spielarten, Eigenarten. Kreative Elemente in der Musiktherapie mit Kindern und Jugendlichen.;2001;Kinder und Jugendliche, Tonarten, Spielarten;978-3525458747;Deutsch;;
Petzold;Petzold;Hilarion;Integrative Therapie;1999;innovative Musiktherapie;978-3525458747;Deutsch;;
Perret;Perret;Daniel;Roots of Musicality. Music Therapy and personal development;2005;Persönlichkeitsentwicklung, Musikalität, Musiktherapie ;978-1843103363;Englisch;;
Plahl;Plahl, Koch-Temming;Christine;Musiktherapie mit Kindern. Grundlagen - Methoden -Praxisfelder;2005;Musiktherapie mit Kindern. Grundlagen - Methoden -Praxisfelder;9783456945897;Deutsch;;
Priestley01;Priestley;Mary;Musiktherapeutische Erfahrungen ;1975;Analytische Musiktherapie, Methodik, Anwendung;3– 7618 – 0682 – 5;Deutsch;;
Priestley01a;Priestley;Mary;Musiktherapeutische Erfahrungen ;1975;Analytische Musiktherapie, Methodik, Anwendung;3– 7618 – 0682 – 5;Deutsch;;
Priestley02;Priestley;Mary;Analytische Musiktherapie;1983;Analytische Musiktherapie;3-608-95186-5;Deutsch;;
Priestley02a;Priestley;Mary;Analytische Musiktherapie;1983;Analytische Musiktherapie;3-608-95186-5;Deutsch;;
Radbruch;Radbruch;Christoph;Lehrbuch von Palliativmedizin (für weitere Angaben siehe Aulbert);;;;Deutsch;;
Renz;Renz;Monika;Zwischen Urangst und Urvertrauen. Therapie früher Stölrungen über Musik-, Symbol-, und spirituelle Erfahrungen. Mit einem Vorwort von Prof. Dr. Med. H.S. Herzka;1996;Urangst, Urvertrauen, Therapie früher Störungen;3-87387-263-3;Deutsch;;
Richter;Richter;Horst-Eberhard;Das Ende der Egomanie. Die Kriese des wesentlichen Bewusstseins;2002;Egomanie;3-462-03087-6;Deutsch;;
Ridder;Ridder;Paul;Musik für Leib und Seele. Musiktherapie in der Medizingeschichte;2006;Musiktherapie in der Medizingeschichte;3-9807065-5-9;Deutsch;;
Ringer;Ringer;Christoph;Problemorientierte Musiktherapie. Ein integratives Konzept (für weitere Info siehe Blaser, Andreas);;;;Deutsch;;
Rohde-Dachser;Rohde-Dachser;Christa;Das Borderline-Syndrom. Fünfte völlig überarbeitete und ergänzte Auflage.;1997;Borderline-Syndrom;345684087X;Deutsch;;
Ruud;Ruud;Even;Meta-Musiktherapie. Wege zu einer Theorie der Musiktherapie;1992;Theorie;0177-8447;Deutsch;;
Seidel01;Seidel;Almut;Verschmerzen. Musiktherapie mit krebskranken Frauenn und Männern im Spannungsfeld von kurzatmiger und paliliativer Behandlung;2005;Musiktherapie mit Krebskranken, Gender;3-89500-457-X;Deutsch;;
Seidel01a;Seidel;Almut;Verschmerzen. Musiktherapie mit krebskranken Frauenn und Männern im Spannungsfeld von kurzatmiger und paliliativer Behandlung;2005;Musiktherapie mit Krebskranken, Gender;3-89500-457-X;Deutsch;;
Sigrun Krausse01;Sigrun Krausse;Elisabeth;Musik- und Hörtherapie bei Tinnitus und Hyperakusis;2012;Tinnitus und Hyperakusis;978-3-89500-888-7;Deutsch;;
Sigrun Krausse01a;Sigrun Krausse;Elisabeth;Musik- und Hörtherapie bei Tinnitus und Hyperakusis;2012;Tinnitus und Hyperakusis;978-3-89500-888-7;Deutsch;;
Sigrun Krausse01b;Sigrun Krausse;Elisabeth;Musik- und Hörtherapie bei Tinnitus und Hyperakusis;2012;Tinnitus und Hyperakusis;978-3-89500-888-7;Deutsch;;
Schaller;Schaller, Schemmel;Johannes;Ressourcen...Ein Hand- und Lesebuch zur psychotherapeutischen Arbeit;2013;Ressourcenorientiertes therapeutisches Vorgehen;38 71592412;Deutsch;;
Schäfer;Schäfer;Magdalene Julia;Musiktherapie als Heilpädagogik bei verhaltensauffälligen Kindern;1985;Heilpädagogik, Kinder, Jugendliche, verhaltensauffälligkeit;3893340939;Deutsch;;
Schemmel;Schemmel;Heike;Ressourcen...;;;;Deutsch;;
Schmidt;Schmidt, Stegemann, Spitzer;Hans Ulrich;Musiktherapie bei psychischen und psychosomatischen Störungen;2019;Psychische Störung, Psychosomatische Störung, Handlungsmöglichkeiten;978-3-437-21113-3;Deutsch;;
Schroeder;Schroeder;Wolfgang C.;Musik. Spiegel der Seele. Eine Einführung in die Musiktherapie;1995;Einführung Musiktherapie;9 783873870697;Deutsch;;
Schubert;Schubert;Gertrud;Klänge und Farben ;1982;Klänge, Farben, Wirkung;3-3437-10776-3;Deutsch;;
Schumann;Schumann;Claudia;Musiktherapie und Psychoanalyse;1982;Psychoanalyse;3-9800666-0-6;Deutsch;;
Schwabe01;Schwabe;Christoph;Aktive Gruppenmusiktherapie für erwachsene Patienten;1983;Gruppentherapie, Erwachsene;3-437-10842-5;Deutsch;;
Schwabe01a;Schwabe;Christoph;Aktive Gruppenmusiktherapie für erwachsene Patienten;1983;Gruppentherapie, Erwachsene;3-437-10842-5;Deutsch;;
Schwabe02;Schwabe ;Christoph;Methodik der Musiktherapie und deren Theoretische Grundlagen. 3. Auflage;1986;Theoretische Grundlagen, Methodik;793-7415;Deutsch;;
Schwabe02a;Schwabe ;Christoph;Methodik der Musiktherapie und deren Theoretische Grundlagen. 3. Auflage;1986;Theoretische Grundlagen, Methodik;793-7415;Deutsch;;
Schwabe03;Schwabe;Christoph;Regulative Musiktherapie. Entwicklung, Stand und Perspektiven in der psychotherapeutischen Medizin;1996;Regulative Musiktheorie, psychotherapie;3-334-61090-X;Deutsch;;
Schwabe04;Schwabe, Stein ;Christoph;Ressourcenorientierte Musiktherapie;2000;Musiktherapie Tagung, Ressourcen, Lebensgenuss, Freude;3-933358-10-8;Deutsch;;
Schwertfeger;Schwertfeger;Bärbel;Der Therapieführer. Die wichtigsten Formen und Methoden;1989;Therapieformen und unterschiedliche Methodiken;;Deutsch;;
Smeijsters;Smeijsters;Henk;Musiktherapie als Psychotherapie;1994;Musiktherapie und Psychotherapie;3-437115278;Deutsch;;
Sonntag;Sonntag;Jan;Musiktherapie als Ästhetische Arbeit. Demenz und Atmosphäre.;2016;Demenz, Ästhetik;9-783863211530;Deutsch;;
Specht-Tomann;Specht-Tomann;Monika;Erzähl mir dein Leben. Zuhören und Reden in Beratung und Begleitung.;2003;Dement, Alter, Senioren, Gesprächsführung;3-530-40143-9;Deutsch;;
Spintge 01;Spintge;Ralph;Musik im Gesundheitswesen. Bedeutung und Möglichkeiten musikmedizinischer und Musiktherapeutischer Ansätze;2007;Gesundheitswesen, Frühgeborenenintensivmedizin, ADHS, kindliche Migräne, Stressresistenz, emotionale Kompetenz, emotionale Intelligenz, Schlaganfall, Parkinson, Altsheimer, etc. ;3-537-44049-9;Deutsch;;
Spintge 02;Spintge;Ralph;Musikmedizin. Physiologische Grundlagen und praktische Anwendungen;1992;Musikmedizin, physiologische Grundlagen, Anwendung;3-437-11402-6;Deutsch;;
Stegemann;Stegemann;Thomas;Wiener Ringvorlesung Musiktherapie;2014;Theoretische Grundlagen, Praxisfelder;978-3-7069-1012-5;Deutsch;;
Ster01;Ster;Axel;Zur Forschungsgeschichte von Musiktherapie und MusikMedizin;2006;MusikMedizin, Geschichte, Forschung;;Deutsch;;
Ster01a;Ster;Axel;Zur Forschungsgeschichte von Musiktherapie und MusikMedizin;2006;MusikMedizin, Geschichte, Forschung;;Deutsch;;
Streeck;Streeck;Ulrich;Psychotherapie komplexer Persönlichkeitsstörungen. Grundlagen der psychoanalytischen interaktionellen Methode;2007;Persönlichkeitsstörungen, Psychotherapie;3-608944818;Deutsch;;
Stern;Stern;Daniel N.;Die Lebenserfahrung des Säuglings;1996;Frühkindliche Entwicklung, Schwangerschaft;3-608-95687-5;Deutsch;;
Strobel;Strobel, Gernot Huppmann;Wolfgang;Musiktherpie. Grundlagen - Formen - Möglichkeiten;1987;Grundlagen, Methodik;3-8017-0138;Deutsch;;
Strotzka;Strotzka;Hans;Psychotherapie: Grundlagen, Verfahren, Indikatoren;1978;Psychotherapie, Verfahren, Grundlagen, Indikatoren;;Englisch;;
Sutton;Sutton;Julie P.;Music Therapy and Trauma. International Perspectives;2002;Trauma, Traumatherapie;9-781843100270;Englisch;;
Tauscher;Tauscher;Hildegard;Die rhythmische musikalische Erziehung in der Heilpädagogik;1977;Heilpädagogik, Rhythmik;3-7864-4609-1;Deutsch;;
Testkatalog01;Testkatalog01;Testkatalog01;Testkatalog2018/19;2018;Testkatalog;;Deutsch;;
Testkatalog02;Testkatalog02;Testkatalog02;Testkatalog2020/21;2020;Testkatalog;;Deutsch;;
Tewes;Tewes, Wildgrube;Uwe;Psychologie Lexikon. 2. Auflage.;1999;Lexika, Fachwörter, Psychologie, Grundlagen, Schlagwörter;3-486-25229-1;Deutsch;;
Timmermann01;Timmermann;Tonius;Empfinden – Hören – Sehen. Welche Zugänge wählen nonverbale Psychotherapien?: Am Beispiel der Diagnose: Persönlichkeitsstörung (zeitpunkt musik);2004;Psychotherapie, Sinne, Verfahren, Grundlagen, Indikatoren;978-3895003790;Deutsch;;
Timmermann02;Timmermann;Tonius;Tiefenpsychologisch orientierte Musiktherapie. Bausteine für die Lehre;2004;Tiefenpsychologie, Praxis;978-3-89500-399-8;Deutsch;;
Tischler;Tischler;Björn;Musik aktiv gestalten. Ideen für die pädagogische, sonderpädagogische und therapeutisch-orientierte Praxis;1994;Praxis, Konzepte, Pädagogik, Spiele;3-425-03742-0;Deutsch;;
Thommen;Thommen;Martin;Problemorientierte Musiktherapie. Ein integratives Konzept (für weitere Info siehe Blaser, Andreas);;;;Deutsch;;
Tomatis01;Tomatis;Alfred A.;Der Klang des Lebens. Vorgeburtliche Kommunikation für die Anfänge der seelischen Entwicklung.;1990;Vorgeburtliche Kommunikation, Schwangerschaft, Kommunikation;3-499-18791-4;Deutsch;;
Tomatis01a;Tomatis;Alfred A.;Der Klang des Lebens. Vorgeburtliche Kommunikation für die Anfänge der seelischen Entwicklung.;1990;Vorgeburtliche Kommunikation, Schwangerschaft, Kommunikation;3-498-06491-6;Deutsch;;
Tüpker01;Tüpker;Rosemarie;Ich singe, was ich nicht sagen kann. Zu einer morphologischen Grundlegung der Musiktherapie;1988;Gesang, Kommunikation;3-7649-2351-2;Deutsch;;
Tüpker02;Tüpker;Rosemarie;Konzeptentwicklung musiktherapeutischer Praxis und Forschung;2007;Praxis, Konzepte;978-3825820985;Deutsch;;
Tüpker03;Tüpker;Rosemarie;Musik bis ins hohe ALter. Fortführung, Neubeginn, Therapie;2009;Alter, Musik mit Seniore;978-3-8391-0108-7;Deutsch;;
Tüpker04;Tüpker;Rosemarie;Reader Musiktherapie. Masterstudiengang Klinische Musiktherapie;2008;Master;;Deutsch;;
Tüpker05;Tüpker;Rosemarie;Tonwerken: Musik zwischen Kunst und Alltag. Zur psycho-Logik musikalischer Ereignisse.;1990;Tonwerken, Psycho, Logik, musikalische Ereignisse;978-3898064668;Deutsch;;
Ullmann;Ullmann, Wilke;Harald;Handbuch. Katathym Imaginative Psychotherapie.;1990;Handbuch. Katathym Imaginative Psychotherapie.;978-3-456-84988-1;Deutsch;;
Verres;Verres;R.;Strahlentherapie im Erleben der patienten;1990;Strahlentherapie;3-335-00506-6;Deutsch;;
Vorel01;Vorel;Waltraud;Therapie und Erziehung durch Musik 7. Musiktherapie mit verhaltensgestörten Kindern.;1990;Verhaltenstherapie, Verhaltensstörungen, Kinder;3-87204-357-9;Deutsch;;
Vorel01a;Vorel;Waltraud;Therapie und Erziehung durch Musik 7. Musiktherapie mit verhaltensgestörten Kindern.;1990;Verhaltenstherapie, Verhaltensstörungen, Kinder;3-87204-357-9;Deutsch;;
Weymann 01;Weymann, Bergstrom-Nielson;Eckhard;Einblicke. Vermittlungen ...musically speaking. Beiträge zur Musiktherapie Heft 12;1990;Improvisationsunterricht, ;1615-0686;Deutsch;;
Weymann 02;Weymann;Eckhard;"Zwischentöne
Psychologische Untersuchungen zur musikalischen Improvisation";2004;Improvisation. Künstlerische Improvisation, musikalische Improvisation;9-783898063708;Deutsch;;
Wiesmüller01;Wiesmüller;Edith;Traumaadaptierte Musiktherapie;1990;Trauma, Traumafolgestörungen;978 – 3 – 89500 – 994 – 5;Deutsch;;
Wiesmüller01a;Wiesmüller;Edith;Traumaadaptierte Musiktherapie;1990;Trauma, Traumafolgestörungen;978 – 3 – 89500 – 994 – 5;Deutsch;;
Willms;Willms;Harm;Musiktherapie 1, Musiktherapie bei psychotischen Erkrankungen;1990;Psychotische Erkrankungen;;Deutsch;;
Wogemann-Becker;Wogemann-Becker;Heike;Im Klingenden Spiegel. Musiktherapie mit Geburtsländern Kindern;1990;Blindheit, geburtsblindheit ;978-3-89500-845-0;Deutsch;;
Wöller;Wöller, Kruse;Wolfgang;Tiefenpsychologisch fundierte Psychotherapie: Basisbuch und Praxisleitfaden;2018;Phasen der Psychotherapie;978-3608432756;Deutsch;;
Zeuch, Jungaberle, Hänsel;Zeuch, Jungaberle, Hänsel;Andreas;Systemischer Konzepte für die Musiktherapie. Spielend lösen.;1990;Systemischer Konzepte. Musikspiel. ;3-89670-438-9;Deutsch;;